epoch,train_loss,val_loss,train_macro_f1,val_macro_f1,train_micro_f1,val_micro_f1,train_macro_precision,val_macro_precision,train_macro_recall,val_macro_recall,train_hamming_accuracy,val_hamming_accuracy,train_exact_match_accuracy,val_exact_match_accuracy,train_roc_auc,val_roc_auc,learning_rate,is_best,train_no_mechanism_f1,val_no_mechanism_f1,train_no_mechanism_precision,val_no_mechanism_precision,train_no_mechanism_recall,val_no_mechanism_recall,train_no_mechanism_accuracy,val_no_mechanism_accuracy,train_central_route_present_f1,val_central_route_present_f1,train_central_route_present_precision,val_central_route_present_precision,train_central_route_present_recall,val_central_route_present_recall,train_central_route_present_accuracy,val_central_route_present_accuracy,train_peripheral_route_present_f1,val_peripheral_route_present_f1,train_peripheral_route_present_precision,val_peripheral_route_present_precision,train_peripheral_route_present_recall,val_peripheral_route_present_recall,train_peripheral_route_present_accuracy,val_peripheral_route_present_accuracy,train_naturalness_bias_f1,val_naturalness_bias_f1,train_naturalness_bias_precision,val_naturalness_bias_precision,train_naturalness_bias_recall,val_naturalness_bias_recall,train_naturalness_bias_accuracy,val_naturalness_bias_accuracy,train_availability_bias_f1,val_availability_bias_f1,train_availability_bias_precision,val_availability_bias_precision,train_availability_bias_recall,val_availability_bias_recall,train_availability_bias_accuracy,val_availability_bias_accuracy,train_illusory_correlation_f1,val_illusory_correlation_f1,train_illusory_correlation_precision,val_illusory_correlation_precision,train_illusory_correlation_recall,val_illusory_correlation_recall,train_illusory_correlation_accuracy,val_illusory_correlation_accuracy
1,1.0233337207905298,0.9558196434607873,0.42721393574159655,0.417098636502583,0.48632954270505685,0.47693817468105987,0.37163289958280293,0.35941439466814046,0.7385915761260499,0.7536752297814199,0.5682326621923938,0.5687702265372169,0.03355704697986577,0.04854368932038835,0.707277323138269,0.739129012927215,4.0077821011673154e-06,True,0.21269296740994853,0.23880597014925373,0.1316348195329087,0.14285714285714285,0.5535714285714286,0.7272727272727273,0.7199511897498475,0.7524271844660194,0.3773049645390071,0.34408602150537637,0.6855670103092784,0.64,0.2602739726027397,0.23529411764705882,0.7321537522879805,0.7038834951456311,0.5067285382830626,0.5074626865671642,0.3403990024937656,0.3417085427135678,0.9909255898366606,0.9855072463768116,0.35143380109823064,0.3592233009708738,0.41548771407297097,0.39080459770114945,0.269825918762089,0.2556390977443609,0.9029126213592233,0.8292682926829268,0.5210494203782794,0.4854368932038835,0.3697211155378486,0.3424657534246575,0.2345803842264914,0.211864406779661,0.8721804511278195,0.8928571428571429,0.5173886516168396,0.5339805825242718,0.6813483146067416,0.6789667896678967,0.5677902621722847,0.5644171779141104,0.851685393258427,0.8518518518518519,0.5674191580231849,0.5776699029126213
2,0.8965719180199706,0.7576579405711248,0.5765910586024223,0.5692591907507691,0.6081485919712403,0.6054181389870436,0.4971416892549292,0.4911996882301699,0.7988995536175154,0.828407361530685,0.7339841366687004,0.7289644012944984,0.12873703477730322,0.11165048543689321,0.8439259499916982,0.8540742975133117,8.015564202334631e-06,True,0.23848238482384823,0.20754716981132076,0.14057507987220447,0.11578947368421053,0.7857142857142857,1.0,0.6571079926784624,0.5922330097087378,0.6414253897550112,0.6740331491712708,0.5167464114832536,0.5398230088495575,0.8454011741682974,0.8970588235294118,0.7053081147040878,0.7135922330097088,0.7521206409048068,0.7480916030534351,0.7823529411764706,0.7903225806451613,0.7241379310344828,0.7101449275362319,0.839536302623551,0.8398058252427184,0.5648535564853556,0.5040650406504065,0.41731066460587324,0.3780487804878049,0.8737864077669902,0.7560975609756098,0.7461866992068334,0.7038834951456311,0.5696969696969697,0.5454545454545454,0.4203935599284436,0.4,0.8834586466165414,0.8571428571428571,0.7834045149481391,0.8058252427184466,0.692967409948542,0.7363636363636363,0.7054714784633295,0.7232142857142857,0.6808988764044944,0.75,0.6723611958511287,0.7184466019417476
3,0.7005264689621417,0.6354205516668466,0.6775936232217626,0.6235974314782515,0.7142627432063032,0.6762028608582574,0.5893524627587836,0.5478729255943389,0.8715906734196661,0.8243861210483172,0.8193003864144804,0.7985436893203884,0.2727272727272727,0.20388349514563106,0.9084811173334856,0.887052525312746,9.987588055786372e-06,True,0.39421338155515373,0.30985915492957744,0.2471655328798186,0.18333333333333332,0.9732142857142857,1.0,0.7956070774862721,0.7621359223300971,0.7423423423423423,0.7534246575342466,0.6878130217028381,0.7051282051282052,0.8062622309197651,0.8088235294117647,0.825503355704698,0.8252427184466019,0.8231111111111111,0.7714285714285715,0.8066202090592335,0.7605633802816901,0.8402903811252269,0.782608695652174,0.8785845027455765,0.8446601941747572,0.7008985879332478,0.56,0.5808510638297872,0.4745762711864407,0.883495145631068,0.6829268292682927,0.8578401464307505,0.7864077669902912,0.6455026455026455,0.5783132530120482,0.49795918367346936,0.43636363636363634,0.9172932330827067,0.8571428571428571,0.8364856619890177,0.8300970873786407,0.759493670886076,0.7685589519650655,0.7157057654075547,0.7272727272727273,0.8089887640449438,0.8148148148148148,0.7217815741305674,0.7427184466019418
4,0.5664774098442596,0.5712176102858323,0.7233197319145205,0.6451336645051668,0.7556992174208914,0.6972972972972973,0.6475585200114536,0.5825315924858259,0.8838323209845313,0.8289956314798806,0.8539760016270083,0.8187702265372168,0.3605857230018304,0.25728155339805825,0.9350620877627217,0.9045377317959926,9.890079530986982e-06,True,0.4900662251655629,0.3333333333333333,0.3255131964809384,0.2,0.9910714285714286,1.0,0.8590604026845637,0.7864077669902912,0.7853881278538812,0.7777777777777778,0.7363013698630136,0.7368421052631579,0.8414872798434442,0.8235294117647058,0.8566198901769372,0.8446601941747572,0.8694869486948695,0.8115942028985508,0.8625,0.8115942028985508,0.8765880217785844,0.8115942028985508,0.9115314215985357,0.8737864077669902,0.7533875338753387,0.594059405940594,0.6480186480186481,0.5,0.8996763754045307,0.7317073170731707,0.8889566809029896,0.8009708737864077,0.6702269692923899,0.5714285714285714,0.5196687370600414,0.42857142857142855,0.943609022556391,0.8571428571428571,0.8492983526540574,0.8252427184466019,0.7713625866050808,0.782608695652174,0.7933491686460807,0.8181818181818182,0.750561797752809,0.75,0.7583892617449665,0.7815533980582524
5,0.4719187449483038,0.5618360523994153,0.7896857715629161,0.6886065493384975,0.7933230080881087,0.7267605633802817,0.7143822618388836,0.6283420950946724,0.9050589924831961,0.8031456124265888,0.8778726865975188,0.8430420711974108,0.44356314826113485,0.35436893203883496,0.9492876772212532,0.9046294263636939,9.69743216056545e-06,True,0.7735191637630662,0.625,0.6342857142857142,0.47619047619047616,0.9910714285714286,0.9090909090909091,0.9603416717510678,0.941747572815534,0.7540192926045016,0.7393939393939394,0.6398362892223738,0.6288659793814433,0.9178082191780822,0.8970588235294118,0.813300793166565,0.7912621359223301,0.8839681133746679,0.8085106382978723,0.8633217993079585,0.7916666666666666,0.9056261343012704,0.8260869565217391,0.9200732153752288,0.8689320388349514,0.8375,0.5974025974025974,0.8096676737160121,0.6388888888888888,0.8673139158576052,0.5609756097560976,0.9365466748017084,0.8495145631067961,0.7005494505494505,0.5783132530120482,0.551948051948052,0.43636363636363634,0.9586466165413534,0.8571428571428571,0.8669920683343502,0.8300970873786407,0.7885586090858104,0.7830188679245284,0.7872340425531915,0.7980769230769231,0.7898876404494382,0.7685185185185185,0.7699816961561928,0.7766990291262136
6,0.39284411405475395,0.5289933452239404,0.8165613332084994,0.6933099031442235,0.8184582364514398,0.7275320970042796,0.7538036297138954,0.6331558831558831,0.9164875645348406,0.8121571153821169,0.896786658531625,0.8454692556634303,0.5204392922513728,0.3300970873786408,0.9652997730214082,0.9113167062585875,9.413393991627737e-06,True,0.8421052631578947,0.6060606060606061,0.7272727272727273,0.45454545454545453,1.0,0.9090909090909091,0.9743746186699207,0.9368932038834952,0.8531598513011153,0.8142857142857143,0.8123893805309734,0.7916666666666666,0.898238747553816,0.8382352941176471,0.9035997559487492,0.8737864077669902,0.8998242530755711,0.8111888111888111,0.8722316865417377,0.7837837837837838,0.9292196007259528,0.8405797101449275,0.9304453935326419,0.8689320388349514,0.7453874538745388,0.584070796460177,0.6011904761904762,0.4583333333333333,0.9805825242718447,0.8048780487804879,0.8737034777303234,0.7718446601941747,0.7660208643815202,0.5789473684210527,0.6345679012345679,0.4583333333333333,0.9661654135338346,0.7857142857142857,0.9042098840756558,0.8446601941747572,0.7928703134603565,0.7653061224489796,0.8751696065128901,0.8522727272727273,0.7247191011235955,0.6944444444444444,0.7943868212324589,0.7766990291262136
7,0.3426491537140411,0.5330391274048731,0.8695141591145509,0.6976017139564595,0.8657730116175156,0.7424460431654676,0.8086097763979042,0.6414286281912276,0.9466793801599861,0.7806638619256879,0.9236322961155176,0.855177993527508,0.6290420988407566,0.3932038834951456,0.9746035782102475,0.9159621571637544,9.043491123153245e-06,True,0.8995983935742972,0.5925925925925926,0.8175182481751825,0.5,1.0,0.7272727272727273,0.9847467968273338,0.9466019417475728,0.8576544315129812,0.8027210884353742,0.7904290429042904,0.7468354430379747,0.9373776908023483,0.8676470588235294,0.9029896278218426,0.8592233009708737,0.9183494293239683,0.8,0.8894557823129252,0.7631578947368421,0.9491833030852994,0.8405797101449275,0.9432580841976815,0.8592233009708737,0.8852941176470588,0.5869565217391305,0.8113207547169812,0.5294117647058824,0.9741100323624595,0.6585365853658537,0.9524100061012812,0.8155339805825242,0.8118195956454122,0.6052631578947368,0.6923076923076923,0.4791666666666667,0.981203007518797,0.8214285714285714,0.9261744966442953,0.8543689320388349,0.844368986983588,0.7980769230769231,0.8506271379703535,0.83,0.8382022471910112,0.7685185185185185,0.8322147651006712,0.7961165048543689
8,0.2873137868145137,0.5476665015404041,0.9074554304166879,0.7122867843145072,0.8974120275553901,0.7496251874062968,0.8744377919469333,0.6756994046058828,0.9463563681378434,0.7692037839304593,0.9439699003457392,0.8648867313915858,0.713849908480781,0.4174757281553398,0.9809330495615587,0.9131620970073495,8.594920193085378e-06,True,0.9142857142857143,0.6428571428571429,0.8421052631578947,0.5294117647058824,1.0,0.8181818181818182,0.9871873093349604,0.9514563106796117,0.9165867689357622,0.7941176470588235,0.8984962406015038,0.7941176470588235,0.9354207436399217,0.7941176470588235,0.9469188529591214,0.8640776699029126,0.9299820466786356,0.8345323741007195,0.9200710479573713,0.8285714285714286,0.9401088929219601,0.8405797101449275,0.9524100061012812,0.8883495145631068,0.9147982062780269,0.6170212765957447,0.85,0.5471698113207547,0.9902912621359223,0.7073170731707317,0.9652226967663209,0.8252427184466019,0.9211908931698775,0.5970149253731343,0.8622950819672132,0.5128205128205128,0.9887218045112782,0.7142857142857143,0.9725442342892008,0.8689320388349514,0.8478889531521111,0.7881773399014779,0.8736591179976162,0.8421052631578947,0.8235955056179776,0.7407407407407407,0.839536302623551,0.7912621359223301
9,0.2471159504165927,0.5328780962870672,0.9141601045805697,0.7133687397439975,0.9057563101507172,0.7576197387518142,0.8702599582982478,0.6639745943771461,0.967020260804674,0.7832046704803655,0.9472239170225746,0.8648867313915858,0.7284929835265406,0.441747572815534,0.9850199211979987,0.9171646893591134,8.076408364284349e-06,True,0.9613733905579399,0.6153846153846154,0.9256198347107438,0.5333333333333333,1.0,0.7272727272727273,0.9945088468578401,0.9514563106796117,0.930188679245283,0.8057553956834532,0.8979963570127505,0.7887323943661971,0.9647749510763209,0.8235294117647058,0.9548505186089079,0.8689320388349514,0.9446428571428571,0.8169014084507042,0.929701230228471,0.7945205479452054,0.9600725952813067,0.8405797101449275,0.9621720561317877,0.8737864077669902,0.9319213313161876,0.6444444444444445,0.875,0.5918367346938775,0.9967637540453075,0.7073170731707317,0.9725442342892008,0.8446601941747572,0.8452950558213717,0.5866666666666667,0.7340720221606648,0.46808510638297873,0.9962406015037594,0.7857142857142857,0.9408175716900549,0.8495145631067961,0.8715393133997785,0.8110599078341014,0.8591703056768559,0.8073394495412844,0.8842696629213483,0.8148148148148148,0.8584502745576571,0.8009708737864077
10,0.21212489411090185,0.5529375099218808,0.9380913759656556,0.704715970169643,0.9252213222829158,0.7419847328244275,0.9181943308871195,0.6795050898653714,0.9610154102489109,0.7490202814418397,0.95962985560301,0.8632686084142395,0.7846247712019524,0.42718446601941745,0.9889334484007244,0.9150408730634075,7.498043533382709e-06,False,0.9613733905579399,0.6428571428571429,0.9256198347107438,0.5294117647058824,1.0,0.8181818181818182,0.9945088468578401,0.9514563106796117,0.9515503875968992,0.8,0.9424184261036468,0.8387096774193549,0.9608610567514677,0.7647058823529411,0.9694935936546675,0.8737864077669902,0.9564444444444444,0.8111888111888111,0.9372822299651568,0.7837837837837838,0.9764065335753176,0.8405797101449275,0.9701037217815741,0.8689320388349514,0.9464012251148545,0.5842696629213483,0.8982558139534884,0.5416666666666666,1.0,0.6341463414634146,0.9786455155582673,0.8203883495145631,0.9430604982206405,0.6060606060606061,0.8952702702702703,0.5263157894736842,0.9962406015037594,0.7142857142857143,0.9804758999389872,0.8737864077669902,0.8697183098591549,0.7839195979899497,0.9103194103194103,0.8571428571428571,0.8325842696629213,0.7222222222222222,0.8645515558267236,0.7912621359223301
11,0.18851306658346675,0.5707110831370721,0.9430389407086306,0.7082285209483516,0.9306304630835038,0.7544910179640718,0.9176374145986385,0.6864917167242749,0.9715525724716061,0.7404328931318306,0.9620703681106365,0.8673139158576052,0.7968273337400854,0.441747572815534,0.9904936302551434,0.9172098639019165,6.871078065911889e-06,False,0.9739130434782609,0.6363636363636364,0.9491525423728814,0.6363636363636364,1.0,0.6363636363636364,0.99633923123856,0.9611650485436893,0.9325946445060018,0.8275862068965517,0.8828671328671329,0.7792207792207793,0.9882583170254403,0.8823529411764706,0.9554606467358145,0.8786407766990292,0.9682683590208522,0.8345323741007195,0.967391304347826,0.8285714285714286,0.969147005444646,0.8405797101449275,0.9786455155582673,0.8883495145631068,0.9611197511664075,0.5952380952380952,0.9251497005988024,0.5813953488372093,1.0,0.6097560975609756,0.9847467968273338,0.8349514563106796,0.9349736379613357,0.5633802816901409,0.8778877887788779,0.46511627906976744,1.0,0.7142857142857143,0.9774252593044539,0.8495145631067961,0.8873642081189251,0.7922705314009661,0.9033760186263097,0.8282828282828283,0.8719101123595505,0.7592592592592593,0.8798047589993899,0.7912621359223301
12,0.16629208479691476,0.5918940122310932,0.9610182954638891,0.715462355390413,0.9491843240202512,0.7627906976744186,0.9446582518851089,0.7071803980070109,0.9782743202366443,0.7305887731729331,0.9724425462680495,0.8762135922330098,0.848078096400244,0.470873786407767,0.9925830304463193,0.9121897790590707,6.2077098761270945e-06,True,0.9696969696969697,0.6153846153846154,0.9411764705882353,0.5333333333333333,1.0,0.7272727272727273,0.9957291031116534,0.9514563106796117,0.9712092130518234,0.8,0.9529190207156308,0.8387096774193549,0.9902152641878669,0.7647058823529411,0.9816961561928005,0.8737864077669902,0.9801801801801802,0.8345323741007195,0.9731663685152058,0.8285714285714286,0.9872958257713249,0.8405797101449275,0.9865771812080537,0.8883495145631068,0.9747634069400631,0.6,0.9507692307692308,0.6153846153846154,1.0,0.5853658536585366,0.9902379499694935,0.8446601941747572,0.9725776965265083,0.6333333333333333,0.9466192170818505,0.59375,1.0,0.6785714285714286,0.9908480780964003,0.8932038834951457,0.8976823063877897,0.8095238095238095,0.9032992036405005,0.8333333333333334,0.8921348314606742,0.7870370370370371,0.8895668090298963,0.8058252427184466
13,0.15238342079722766,0.5936108942215259,0.9652926016776857,0.7250453814994354,0.9537420082737872,0.7623456790123457,0.951519542075998,0.7132995310846287,0.9798577544954136,0.7415848156730406,0.9749847467968275,0.8754045307443366,0.8608907870652837,0.48058252427184467,0.9939291275102365,0.9120583610256997,5.520845110727711e-06,True,0.9781659388646288,0.64,0.9572649572649573,0.5714285714285714,1.0,0.7272727272727273,0.9969493593654668,0.9563106796116505,0.9741626794258373,0.7938931297709924,0.9531835205992509,0.8253968253968254,0.9960861056751468,0.7647058823529411,0.9835265405735204,0.8689320388349514,0.9828982898289829,0.8285714285714286,0.975,0.8169014084507042,0.9909255898366606,0.8405797101449275,0.9884075655887736,0.883495145631068,0.9732283464566929,0.611764705882353,0.9478527607361963,0.5909090909090909,1.0,0.6341463414634146,0.9896278218425869,0.8398058252427184,0.9779411764705882,0.6779661016949152,0.9568345323741008,0.6451612903225806,1.0,0.7142857142857143,0.9926784624771202,0.9077669902912622,0.9053591790193842,0.7980769230769231,0.9189814814814815,0.83,0.8921348314606742,0.7685185185185185,0.8987187309334961,0.7961165048543689
14,0.13854148405269512,0.5808479808844053,0.9671645366213274,0.7227816991384736,0.9585687382297552,0.7657657657657657,0.9536954734719639,0.690740280008721,0.9815431477538406,0.7683551895859301,0.9776286353467561,0.8737864077669903,0.87614399023795,0.47572815533980584,0.9949257417111855,0.9151230105670546,4.823847053575387e-06,False,0.9781659388646288,0.6153846153846154,0.9572649572649573,0.5333333333333333,1.0,0.7272727272727273,0.9969493593654668,0.9514563106796117,0.9797882579403272,0.8059701492537313,0.9640151515151515,0.8181818181818182,0.9960861056751468,0.7941176470588235,0.9871873093349604,0.8737864077669902,0.9873417721518988,0.8405797101449275,0.9837837837837838,0.8405797101449275,0.9909255898366606,0.8405797101449275,0.9914582062233069,0.8932038834951457,0.9732283464566929,0.6739130434782609,0.9478527607361963,0.6078431372549019,1.0,0.7560975609756098,0.9896278218425869,0.8543689320388349,0.9672727272727273,0.5970149253731343,0.9366197183098591,0.5128205128205128,1.0,0.7142857142857143,0.9890176937156803,0.8689320388349514,0.9171901770416905,0.8038277511961722,0.9326364692218351,0.8316831683168316,0.902247191011236,0.7777777777777778,0.9115314215985357,0.8009708737864077
15,0.13093288734699915,0.6185857882866492,0.9726054391487987,0.7130937371429065,0.9642924617419233,0.7611710323574731,0.9629474333290857,0.703554625880686,0.9828066541338085,0.7286472786857457,0.9807809640024404,0.8745954692556634,0.8950579621720561,0.4854368932038835,0.9958224797834965,0.9119611912786492,4.130276136589103e-06,False,0.9781659388646288,0.5833333333333334,0.9572649572649573,0.5384615384615384,1.0,0.6363636363636364,0.9969493593654668,0.9514563106796117,0.9883040935672515,0.7777777777777778,0.9844660194174757,0.8448275862068966,0.9921722113502935,0.7205882352941176,0.9926784624771202,0.8640776699029126,0.9856115107913669,0.8309859154929577,0.9768270944741533,0.8082191780821918,0.9945553539019963,0.855072463768116,0.9902379499694935,0.883495145631068,0.9809523809523809,0.627906976744186,0.9626168224299065,0.6,1.0,0.6585365853658537,0.9926784624771202,0.8446601941747572,0.9779411764705882,0.6451612903225806,0.9568345323741008,0.5882352941176471,1.0,0.7142857142857143,0.9926784624771202,0.8932038834951457,0.9246575342465754,0.8133971291866029,0.9396751740139211,0.8415841584158416,0.9101123595505618,0.7870370370370371,0.9194630872483222,0.8106796116504854
16,0.1210584330182631,0.6104423082791842,0.9756905584037483,0.7232024693153017,0.9678395762391222,0.7716049382716049,0.9674865501541898,0.7099652402215012,0.9843469254678308,0.7471222158182839,0.9827130364043116,0.8802588996763753,0.9035997559487492,0.4854368932038835,0.9963050773045228,0.9114602831793155,3.453626115030104e-06,False,0.9781659388646288,0.5714285714285714,0.9572649572649573,0.47058823529411764,1.0,0.7272727272727273,0.9969493593654668,0.941747572815534,0.9893307468477207,0.8153846153846154,0.9807692307692307,0.8548387096774194,0.9980430528375733,0.7794117647058824,0.9932885906040269,0.883495145631068,0.990063233965673,0.8345323741007195,0.9856115107913669,0.8285714285714286,0.9945553539019963,0.8405797101449275,0.9932885906040269,0.8883495145631068,0.9840764331210191,0.6265060240963856,0.9686520376175548,0.6190476190476191,1.0,0.6341463414634146,0.9938987187309335,0.8495145631067961,0.9833641404805915,0.6779661016949152,0.9672727272727273,0.6451612903225806,1.0,0.7142857142857143,0.9945088468578401,0.9077669902912622,0.9291428571428572,0.8133971291866029,0.9453488372093023,0.8415841584158416,0.9134831460674158,0.7870370370370371,0.9243441122635754,0.8106796116504854
17,0.11489107033002724,0.6254007930939014,0.9781537735895659,0.7211710894302984,0.9710282143533422,0.7697063369397218,0.9709888391338127,0.713069873307159,0.9857246273374254,0.7335847609250182,0.9844417327638805,0.8794498381877022,0.9133618059792556,0.49514563106796117,0.9967858519031688,0.9100969869774174,2.807061540013234e-06,False,0.9781659388646288,0.5833333333333334,0.9572649572649573,0.5384615384615384,1.0,0.6363636363636364,0.9969493593654668,0.9514563106796117,0.9922330097087378,0.8,0.9845857418111753,0.8387096774193549,1.0,0.7647058823529411,0.9951189749847468,0.8737864077669902,0.991869918699187,0.8345323741007195,0.987410071942446,0.8285714285714286,0.9963702359346642,0.8405797101449275,0.9945088468578401,0.8883495145631068,0.987220447284345,0.6506024096385542,0.9747634069400631,0.6428571428571429,1.0,0.6585365853658537,0.9951189749847468,0.8592233009708737,0.9851851851851852,0.6451612903225806,0.9708029197080292,0.5882352941176471,1.0,0.7142857142857143,0.9951189749847468,0.8932038834951457,0.9342481417953116,0.8133971291866029,0.9511059371362048,0.8415841584158416,0.9179775280898876,0.7870370370370371,0.9298352654057352,0.8106796116504854
18,0.10856184688875976,0.6209135777675189,0.9794537455523457,0.726038078013948,0.9734546833522942,0.7704160246533128,0.9728708606722188,0.7119701446407708,0.9865168539325843,0.7471222158182839,0.9857636770388448,0.8794498381877022,0.9206833435021354,0.49514563106796117,0.9972131479712854,0.9107092456310254,2.203161635843023e-06,True,0.9781659388646288,0.6153846153846154,0.9572649572649573,0.5333333333333333,1.0,0.7272727272727273,0.9969493593654668,0.9514563106796117,0.9922330097087378,0.803030303030303,0.9845857418111753,0.828125,1.0,0.7794117647058824,0.9951189749847468,0.8737864077669902,0.9936880072137061,0.8345323741007195,0.9874551971326165,0.8285714285714286,1.0,0.8405797101449275,0.9957291031116534,0.8883495145631068,0.987220447284345,0.6341463414634146,0.9747634069400631,0.6341463414634146,1.0,0.6341463414634146,0.9951189749847468,0.8543689320388349,0.9851851851851852,0.6557377049180327,0.9708029197080292,0.6060606060606061,1.0,0.7142857142857143,0.9951189749847468,0.8980582524271845,0.9402298850574713,0.8133971291866029,0.9623529411764706,0.8415841584158416,0.9191011235955057,0.7870370370370371,0.9365466748017084,0.8106796116504854
19,0.10489181248308385,0.6370806189683768,0.981597946649465,0.72498192365215,0.9761724659606656,0.775,0.9743651755300192,0.7273320953774122,0.9891385767790263,0.7260183197143878,0.9871873093349604,0.8834951456310679,0.9292251372788286,0.5,0.9975402606104358,0.9095200357679198,1.6536755651639641e-06,False,0.9781659388646288,0.56,0.9572649572649573,0.5,1.0,0.6363636363636364,0.9969493593654668,0.9466019417475728,0.9931972789115646,0.803030303030303,0.9864864864864865,0.828125,1.0,0.7794117647058824,0.9957291031116534,0.8737864077669902,0.9945848375451264,0.8405797101449275,0.9892280071813285,0.8405797101449275,1.0,0.8405797101449275,0.99633923123856,0.8932038834951457,0.9888,0.6419753086419753,0.9778481012658228,0.65,1.0,0.6341463414634146,0.9957291031116534,0.8592233009708737,0.9888475836431226,0.6909090909090909,0.9779411764705882,0.7037037037037037,1.0,0.6785714285714286,0.99633923123856,0.9174757281553398,0.9459920409323479,0.8133971291866029,0.9574223245109321,0.8415841584158416,0.9348314606741573,0.7870370370370371,0.9420378279438683,0.8106796116504854
20,0.10097959807630881,0.6270691649271891,0.9819074568606196,0.726485896572359,0.9768500948766603,0.7737909516380655,0.9765246174701505,0.725875180355562,0.9876888234130038,0.7295197202746118,0.9875940614195646,0.8826860841423948,0.9322757779133618,0.5,0.9977751803073437,0.9097698950153318,1.1692938433590028e-06,True,0.9781659388646288,0.5833333333333334,0.9572649572649573,0.5384615384615384,1.0,0.6363636363636364,0.9969493593654668,0.9514563106796117,0.9941520467836257,0.7938931297709924,0.9902912621359223,0.8253968253968254,0.9980430528375733,0.7647058823529411,0.99633923123856,0.8689320388349514,0.9936880072137061,0.8405797101449275,0.9874551971326165,0.8405797101449275,1.0,0.8405797101449275,0.9957291031116534,0.8932038834951457,0.9888,0.6341463414634146,0.9778481012658228,0.6341463414634146,1.0,0.6341463414634146,0.9957291031116534,0.8543689320388349,0.9888475836431226,0.6896551724137931,0.9779411764705882,0.6666666666666666,1.0,0.7142857142857143,0.99633923123856,0.912621359223301,0.9477911646586346,0.8173076923076923,0.9683470105509965,0.85,0.9280898876404494,0.7870370370370371,0.9444783404514948,0.8155339805825242
21,0.09829740190100901,0.6277185770181509,0.9829803799395295,0.7264792475497996,0.978433598183882,0.772093023255814,0.976176644493281,0.7229449701569536,0.9900749063670412,0.7319707006667687,0.9884075655887736,0.8810679611650484,0.9365466748017084,0.5,0.9978762320873577,0.9106687494295498,7.594403494388958e-07,False,0.9824561403508771,0.6086956521739131,0.9655172413793104,0.5833333333333334,1.0,0.6363636363636364,0.9975594874923734,0.9563106796116505,0.9931972789115646,0.803030303030303,0.9864864864864865,0.828125,1.0,0.7794117647058824,0.9957291031116534,0.8737864077669902,0.995483288166215,0.8405797101449275,0.9910071942446043,0.8405797101449275,1.0,0.8405797101449275,0.9969493593654668,0.8932038834951457,0.9888,0.6265060240963856,0.9778481012658228,0.6190476190476191,1.0,0.6341463414634146,0.9957291031116534,0.8495145631067961,0.9851851851851852,0.6666666666666666,0.9708029197080292,0.625,1.0,0.7142857142857143,0.9951189749847468,0.9029126213592233,0.9527603870233352,0.8133971291866029,0.9653979238754326,0.8415841584158416,0.9404494382022472,0.7870370370370371,0.949359365466748,0.8106796116504854
22,0.09726508276410473,0.6355339059462914,0.9838627352404524,0.7276539367844546,0.9788279773156899,0.7744945567651633,0.9773020961976915,0.7255681320192459,0.9906367041198502,0.7319707006667687,0.9886109416310759,0.8826860841423948,0.9377669310555217,0.5,0.9979325149367821,0.9100453969888317,4.320889799504535e-07,True,0.9824561403508771,0.5833333333333334,0.9655172413793104,0.5384615384615384,1.0,0.6363636363636364,0.9975594874923734,0.9514563106796117,0.9941634241245136,0.803030303030303,0.988394584139265,0.828125,1.0,0.7794117647058824,0.99633923123856,0.8737864077669902,0.995483288166215,0.8345323741007195,0.9910071942446043,0.8285714285714286,1.0,0.8405797101449275,0.9969493593654668,0.8883495145631068,0.9903846153846154,0.6419753086419753,0.9809523809523809,0.65,1.0,0.6341463414634146,0.99633923123856,0.8592233009708737,0.9888475836431226,0.6896551724137931,0.9779411764705882,0.6666666666666666,1.0,0.7142857142857143,0.99633923123856,0.912621359223301,0.9518413597733711,0.8133971291866029,0.96,0.8415841584158416,0.9438202247191011,0.7870370370370371,0.9481391092129348,0.8106796116504854
23,0.09725511587649874,0.6327105898123521,0.9841416318163948,0.7241354335810778,0.9793911892607298,0.772093023255814,0.9776758566858684,0.7188265527320845,0.9908239700374532,0.7319707006667687,0.9889160056945293,0.8810679611650486,0.9395973154362416,0.5,0.9979818944076083,0.9100135123003641,1.9360851298994178e-07,False,0.9824561403508771,0.5833333333333334,0.9655172413793104,0.5384615384615384,1.0,0.6363636363636364,0.9975594874923734,0.9514563106796117,0.9941634241245136,0.803030303030303,0.988394584139265,0.828125,1.0,0.7794117647058824,0.99633923123856,0.8737864077669902,0.995483288166215,0.8405797101449275,0.9910071942446043,0.8405797101449275,1.0,0.8405797101449275,0.9969493593654668,0.8932038834951457,0.9903846153846154,0.6265060240963856,0.9809523809523809,0.6190476190476191,1.0,0.6341463414634146,0.99633923123856,0.8495145631067961,0.9888475836431226,0.6779661016949152,0.9779411764705882,0.6451612903225806,1.0,0.7142857142857143,0.99633923123856,0.9077669902912622,0.953514739229025,0.8133971291866029,0.9622425629290617,0.8415841584158416,0.9449438202247191,0.7870370370370371,0.9499694935936547,0.8106796116504854
24,0.09482399934848536,0.6337035905856353,0.9842056237699713,0.7267136476720095,0.9795531995456267,0.7744945567651633,0.9783939839331778,0.7239852828908147,0.9902621722846442,0.7319707006667687,0.9890176937156804,0.8826860841423948,0.9402074435631482,0.5,0.9980013976963553,0.9095972125332996,4.863870056676823e-08,False,0.9824561403508771,0.5833333333333334,0.9655172413793104,0.5384615384615384,1.0,0.6363636363636364,0.9975594874923734,0.9514563106796117,0.9941634241245136,0.803030303030303,0.988394584139265,0.828125,1.0,0.7794117647058824,0.99633923123856,0.8737864077669902,0.995483288166215,0.8405797101449275,0.9910071942446043,0.8405797101449275,1.0,0.8405797101449275,0.9969493593654668,0.8932038834951457,0.9903846153846154,0.6419753086419753,0.9809523809523809,0.65,1.0,0.6341463414634146,0.99633923123856,0.8592233009708737,0.9888475836431226,0.6779661016949152,0.9779411764705882,0.6451612903225806,1.0,0.7142857142857143,0.99633923123856,0.9077669902912622,0.9538986909504837,0.8133971291866029,0.9665513264129181,0.8415841584158416,0.9415730337078652,0.7870370370370371,0.9505796217205613,0.8106796116504854
25,0.09501553634272038,0.633967793904818,0.9843134177024663,0.7257057583313081,0.9797540208136235,0.7732919254658385,0.9782216364275765,0.7219839026285649,0.9906367041198502,0.7319707006667687,0.9891193817368314,0.8818770226537217,0.9408175716900549,0.5,0.9980024369071501,0.909630590659989,0.0,False,0.9824561403508771,0.5833333333333334,0.9655172413793104,0.5384615384615384,1.0,0.6363636363636364,0.9975594874923734,0.9514563106796117,0.9941634241245136,0.803030303030303,0.988394584139265,0.828125,1.0,0.7794117647058824,0.99633923123856,0.8737864077669902,0.995483288166215,0.8345323741007195,0.9910071942446043,0.8285714285714286,1.0,0.8405797101449275,0.9969493593654668,0.8883495145631068,0.9903846153846154,0.6419753086419753,0.9809523809523809,0.65,1.0,0.6341463414634146,0.99633923123856,0.8592233009708737,0.9888475836431226,0.6779661016949152,0.9779411764705882,0.6451612903225806,1.0,0.7142857142857143,0.99633923123856,0.9077669902912622,0.9545454545454546,0.8133971291866029,0.9655172413793104,0.8415841584158416,0.9438202247191011,0.7870370370370371,0.951189749847468,0.8106796116504854
